{
    "prepare_queue": {
        "installed": [],
        "uninstalled": []
    },
    "config_munge": {
        "files": {
            "res/xml/config.xml": {
                "parents": {
                    "/*": [
                        {
                            "xml": "<feature name=\"Whitelist\"><param name=\"android-package\" value=\"org.apache.cordova.whitelist.WhitelistPlugin\" /><param name=\"onload\" value=\"true\" /></feature>",
                            "count": 1
                        },
                        {
                            "xml": "<feature name=\"Contacts\"><param name=\"android-package\" value=\"org.apache.cordova.contacts.ContactManager\" /></feature>",
                            "count": 1
                        },
                        {
                            "xml": "<feature name=\"Camera\"><param name=\"android-package\" value=\"org.apache.cordova.camera.CameraLauncher\" /></feature>",
                            "count": 1
                        }
                    ]
                }
            },
            "AndroidManifest.xml": {
                "parents": {
                    "/*": [
                        {
                            "xml": "<uses-permission android:name=\"android.permission.READ_CONTACTS\" />",
                            "count": 1
                        },
                        {
                            "xml": "<uses-permission android:name=\"android.permission.WRITE_CONTACTS\" />",
                            "count": 1
                        },
                        {
                            "xml": "<uses-permission android:name=\"android.permission.GET_ACCOUNTS\" />",
                            "count": 1
                        },
                        {
                            "xml": "<uses-permission android:name=\"android.permission.WRITE_EXTERNAL_STORAGE\" />",
                            "count": 1
                        }
                    ]
                }
            }
        }
    },
    "installed_plugins": {
        "cordova-plugin-whitelist": {
            "PACKAGE_NAME": "com.org.contacts"
        },
        "cordova-plugin-contacts": {
            "PACKAGE_NAME": "com.org.contacts"
        },
        "cordova-plugin-camera": {
            "PACKAGE_NAME": "com.org.contacts"
        }
    },
    "dependent_plugins": {},
    "modules": [
        {
            "file": "plugins/cordova-plugin-whitelist/whitelist.js",
            "id": "cordova-plugin-whitelist.whitelist",
            "runs": true
        },
        {
            "file": "plugins/cordova-plugin-contacts/www/contacts.js",
            "id": "cordova-plugin-contacts.contacts",
            "clobbers": [
                "navigator.contacts"
            ]
        },
        {
            "file": "plugins/cordova-plugin-contacts/www/Contact.js",
            "id": "cordova-plugin-contacts.Contact",
            "clobbers": [
                "Contact"
            ]
        },
        {
            "file": "plugins/cordova-plugin-contacts/www/ContactAddress.js",
            "id": "cordova-plugin-contacts.ContactAddress",
            "clobbers": [
                "ContactAddress"
            ]
        },
        {
            "file": "plugins/cordova-plugin-contacts/www/ContactError.js",
            "id": "cordova-plugin-contacts.ContactError",
            "clobbers": [
                "ContactError"
            ]
        },
        {
            "file": "plugins/cordova-plugin-contacts/www/ContactField.js",
            "id": "cordova-plugin-contacts.ContactField",
            "clobbers": [
                "ContactField"
            ]
        },
        {
            "file": "plugins/cordova-plugin-contacts/www/ContactFindOptions.js",
            "id": "cordova-plugin-contacts.ContactFindOptions",
            "clobbers": [
                "ContactFindOptions"
            ]
        },
        {
            "file": "plugins/cordova-plugin-contacts/www/ContactName.js",
            "id": "cordova-plugin-contacts.ContactName",
            "clobbers": [
                "ContactName"
            ]
        },
        {
            "file": "plugins/cordova-plugin-contacts/www/ContactOrganization.js",
            "id": "cordova-plugin-contacts.ContactOrganization",
            "clobbers": [
                "ContactOrganization"
            ]
        },
        {
            "file": "plugins/cordova-plugin-contacts/www/ContactFieldType.js",
            "id": "cordova-plugin-contacts.ContactFieldType",
            "merges": [
                ""
            ]
        },
        {
            "file": "plugins/cordova-plugin-camera/www/CameraConstants.js",
            "id": "cordova-plugin-camera.Camera",
            "clobbers": [
                "Camera"
            ]
        },
        {
            "file": "plugins/cordova-plugin-camera/www/CameraPopoverOptions.js",
            "id": "cordova-plugin-camera.CameraPopoverOptions",
            "clobbers": [
                "CameraPopoverOptions"
            ]
        },
        {
            "file": "plugins/cordova-plugin-camera/www/Camera.js",
            "id": "cordova-plugin-camera.camera",
            "clobbers": [
                "navigator.camera"
            ]
        },
        {
            "file": "plugins/cordova-plugin-camera/www/CameraPopoverHandle.js",
            "id": "cordova-plugin-camera.CameraPopoverHandle",
            "clobbers": [
                "CameraPopoverHandle"
            ]
        }
    ],
    "plugin_metadata": {
        "cordova-plugin-whitelist": "1.2.1",
        "cordova-plugin-contacts": "2.0.1",
        "cordova-plugin-camera": "2.1.1"
    }
}